2016-03-28 08:48:05,66.180.59.95,United States,Plano
2016-03-28 08:48:06,66.180.59.95,United States,Plano
2016-03-28 08:48:06,66.180.59.95,United States,Plano
2016-03-28 08:48:07,66.180.59.95,United States,Plano
2016-03-28 08:48:08,66.180.59.95,United States,Plano
2016-03-28 09:58:58,169.229.3.91,United States,Berkeley
2016-03-28 12:32:44,141.212.122.81,United States,Ann Arbor
2016-03-28 19:52:32,166.78.5.167,United States,San Antonio
2016-03-28 19:52:39,166.78.5.167,United States,San Antonio
2016-03-28 19:52:45,166.78.5.167,United States,San Antonio
2016-03-28 19:52:52,166.78.5.167,United States,San Antonio
2016-03-28 19:52:58,166.78.5.167,United States,San Antonio
2016-03-28 19:53:05,166.78.5.167,United States,San Antonio
2016-03-28 23:18:55,113.160.110.89,Vietnam,Hanoi
2016-03-29 00:39:35,54.165.171.43,United States,Ashburn
2016-03-29 09:00:26,54.81.171.53,United States,Ashburn
2016-03-29 12:46:10,54.255.191.246,Singapore,Singapore
2016-03-30 02:06:47,52.31.166.88,United States,Wilmington
2016-03-30 13:49:21,69.197.185.22,United States,Kansas City
2016-03-30 15:00:42,74.91.18.45,United States,Kansas City
2016-03-30 18:57:52,82.117.201.10,Serbia,Belgrade
2016-03-30 20:15:51,52.31.166.88,United States,Wilmington
2016-03-30 21:10:31,220.167.100.13,China,Chengdu
2016-03-30 21:14:58,159.203.76.169,United States,Auburn Hills
2016-03-30 21:14:59,159.203.76.169,United States,Auburn Hills
2016-03-30 21:14:59,159.203.76.169,United States,Auburn Hills
2016-03-30 21:14:59,159.203.76.169,United States,Auburn Hills
2016-03-30 21:14:59,159.203.76.169,United States,Auburn Hills
2016-03-30 21:14:59,159.203.76.169,United States,Auburn Hills
2016-03-31 02:38:18,113.240.250.156,China,Changsha
2016-03-31 02:40:51,113.240.250.156,China,Changsha
2016-03-31 02:40:52,113.240.250.156,China,Changsha
2016-03-31 02:41:25,113.240.250.156,China,Changsha
2016-03-31 03:48:00,104.36.16.202,United States,Palo Alto
2016-03-31 09:06:14,193.1.39.1,Ireland,Blanchardstown
2016-03-31 09:06:14,193.1.39.1,Ireland,Blanchardstown
2016-03-31 09:06:15,193.1.39.1,Ireland,Blanchardstown
2016-03-31 09:06:21,193.1.39.1,Ireland,Blanchardstown
2016-03-31 09:06:21,193.1.39.1,Ireland,Blanchardstown
2016-03-31 09:06:22,193.1.39.1,Ireland,Blanchardstown
2016-03-31 09:06:22,193.1.39.1,Ireland,Blanchardstown
2016-03-31 09:06:22,193.1.39.1,Ireland,Blanchardstown
2016-03-31 09:06:22,193.1.39.1,Ireland,Blanchardstown
2016-03-31 09:06:22,193.1.39.1,Ireland,Blanchardstown
2016-03-31 09:06:25,193.1.39.1,Ireland,Blanchardstown
2016-03-31 09:06:25,193.1.39.1,Ireland,Blanchardstown
2016-03-31 09:06:22,52.31.166.88,United States,Wilmington
2016-03-31 09:45:13,193.1.39.1,Ireland,Blanchardstown
2016-03-31 09:45:13,193.1.39.1,Ireland,Blanchardstown
2016-03-31 09:57:27,193.1.39.1,Ireland,Blanchardstown
2016-03-31 09:57:27,193.1.39.1,Ireland,Blanchardstown
2016-03-31 10:09:30,193.1.39.1,Ireland,Blanchardstown
2016-03-31 10:09:30,193.1.39.1,Ireland,Blanchardstown
2016-03-31 10:14:52,193.1.39.1,Ireland,Blanchardstown
2016-03-31 10:14:55,193.1.39.1,Ireland,Blanchardstown
2016-03-31 10:14:56,193.1.39.1,Ireland,Blanchardstown
2016-03-31 10:14:56,193.1.39.1,Ireland,Blanchardstown
2016-03-31 10:14:56,193.1.39.1,Ireland,Blanchardstown
2016-03-31 10:14:56,193.1.39.1,Ireland,Blanchardstown
2016-03-31 10:15:01,193.1.39.1,Ireland,Blanchardstown
2016-03-31 10:15:01,193.1.39.1,Ireland,Blanchardstown
2016-03-31 10:15:01,193.1.39.1,Ireland,Blanchardstown
2016-03-31 10:15:01,193.1.39.1,Ireland,Blanchardstown
2016-03-31 10:15:01,193.1.39.1,Ireland,Blanchardstown
2016-03-31 10:15:01,193.1.39.1,Ireland,Blanchardstown
2016-03-31 10:15:01,193.1.39.1,Ireland,Blanchardstown
2016-03-31 10:15:02,193.1.39.1,Ireland,Blanchardstown
2016-03-31 10:15:02,193.1.39.1,Ireland,Blanchardstown
2016-03-31 10:15:06,193.1.39.1,Ireland,Blanchardstown
2016-03-31 10:15:06,193.1.39.1,Ireland,Blanchardstown
2016-03-31 10:15:06,193.1.39.1,Ireland,Blanchardstown
2016-03-31 10:15:11,193.1.39.1,Ireland,Blanchardstown
2016-03-31 10:15:16,193.1.39.1,Ireland,Blanchardstown
2016-03-31 10:15:16,193.1.39.1,Ireland,Blanchardstown
2016-03-31 10:15:34,193.1.39.1,Ireland,Blanchardstown
2016-03-31 10:15:34,193.1.39.1,Ireland,Blanchardstown
2016-03-31 10:15:34,193.1.39.1,Ireland,Blanchardstown
2016-03-31 10:15:34,193.1.39.1,Ireland,Blanchardstown
2016-03-31 10:15:34,193.1.39.1,Ireland,Blanchardstown
2016-03-31 10:15:34,193.1.39.1,Ireland,Blanchardstown
2016-03-31 10:15:34,193.1.39.1,Ireland,Blanchardstown
2016-03-31 10:15:44,193.1.39.1,Ireland,Blanchardstown
2016-03-31 10:15:44,193.1.39.1,Ireland,Blanchardstown
2016-03-31 10:15:44,193.1.39.1,Ireland,Blanchardstown
2016-03-31 10:15:47,193.1.39.1,Ireland,Blanchardstown
2016-03-31 10:15:48,193.1.39.1,Ireland,Blanchardstown
2016-03-31 10:15:48,193.1.39.1,Ireland,Blanchardstown
2016-03-31 10:15:51,193.1.39.1,Ireland,Blanchardstown
2016-03-31 10:15:51,193.1.39.1,Ireland,Blanchardstown
2016-03-31 10:15:51,193.1.39.1,Ireland,Blanchardstown
2016-03-31 10:16:06,193.1.39.1,Ireland,Blanchardstown
2016-03-31 10:16:06,193.1.39.1,Ireland,Blanchardstown
2016-03-31 10:16:06,193.1.39.1,Ireland,Blanchardstown
2016-03-31 10:16:06,193.1.39.1,Ireland,Blanchardstown
2016-03-31 10:16:06,193.1.39.1,Ireland,Blanchardstown
2016-03-31 10:16:06,193.1.39.1,Ireland,Blanchardstown
2016-03-31 10:16:06,193.1.39.1,Ireland,Blanchardstown
2016-03-31 10:16:10,193.1.39.1,Ireland,Blanchardstown
2016-03-31 10:16:15,193.1.39.1,Ireland,Blanchardstown
2016-03-31 10:16:15,193.1.39.1,Ireland,Blanchardstown
2016-03-31 10:16:15,193.1.39.1,Ireland,Blanchardstown
2016-03-31 10:16:15,193.1.39.1,Ireland,Blanchardstown
2016-03-31 10:16:15,193.1.39.1,Ireland,Blanchardstown
2016-03-31 10:16:15,193.1.39.1,Ireland,Blanchardstown
2016-03-31 10:16:15,193.1.39.1,Ireland,Blanchardstown
2016-03-31 10:16:15,193.1.39.1,Ireland,Blanchardstown
2016-03-31 10:16:21,193.1.39.1,Ireland,Blanchardstown
2016-03-31 10:16:21,193.1.39.1,Ireland,Blanchardstown
2016-03-31 10:16:21,193.1.39.1,Ireland,Blanchardstown
2016-03-31 10:16:22,193.1.39.1,Ireland,Blanchardstown
2016-03-31 10:16:44,193.1.39.1,Ireland,Blanchardstown
2016-03-31 10:16:44,193.1.39.1,Ireland,Blanchardstown
2016-03-31 10:17:03,193.1.39.1,Ireland,Blanchardstown
2016-03-31 10:17:04,193.1.39.1,Ireland,Blanchardstown
2016-03-31 10:17:07,193.1.39.1,Ireland,Blanchardstown
2016-03-31 10:17:07,193.1.39.1,Ireland,Blanchardstown
2016-03-31 10:18:01,193.1.39.1,Ireland,Blanchardstown
2016-03-31 10:18:01,193.1.39.1,Ireland,Blanchardstown
2016-03-31 10:18:01,193.1.39.1,Ireland,Blanchardstown
2016-03-31 10:18:01,193.1.39.1,Ireland,Blanchardstown
2016-03-31 10:18:01,193.1.39.1,Ireland,Blanchardstown
2016-03-31 10:18:01,193.1.39.1,Ireland,Blanchardstown
2016-03-31 10:18:01,193.1.39.1,Ireland,Blanchardstown
2016-03-31 10:18:01,193.1.39.1,Ireland,Blanchardstown
2016-03-31 10:18:01,193.1.39.1,Ireland,Blanchardstown
2016-03-31 10:18:07,193.1.39.1,Ireland,Blanchardstown
2016-03-31 10:18:14,193.1.39.1,Ireland,Blanchardstown
2016-03-31 10:18:14,193.1.39.1,Ireland,Blanchardstown
2016-03-31 10:18:14,193.1.39.1,Ireland,Blanchardstown
2016-03-31 10:18:14,193.1.39.1,Ireland,Blanchardstown
2016-03-31 10:18:14,193.1.39.1,Ireland,Blanchardstown
2016-03-31 10:18:14,193.1.39.1,Ireland,Blanchardstown
2016-03-31 10:18:16,193.1.39.1,Ireland,Blanchardstown
2016-03-31 10:19:08,193.1.39.1,Ireland,Blanchardstown
2016-03-31 10:19:08,193.1.39.1,Ireland,Blanchardstown
2016-03-31 10:19:08,193.1.39.1,Ireland,Blanchardstown
2016-03-31 10:19:08,193.1.39.1,Ireland,Blanchardstown
2016-03-31 10:19:08,193.1.39.1,Ireland,Blanchardstown
2016-03-31 10:19:08,193.1.39.1,Ireland,Blanchardstown
2016-03-31 10:19:10,193.1.39.1,Ireland,Blanchardstown
2016-03-31 10:19:11,52.31.187.126,United States,Wilmington
2016-03-31 10:19:42,193.1.39.1,Ireland,Blanchardstown
2016-03-31 10:19:47,66.249.93.155,United States,Mountain View
2016-03-31 10:19:47,66.249.93.152,United States,Mountain View
2016-03-31 10:20:08,193.1.39.1,Ireland,Blanchardstown
2016-03-31 10:20:20,193.1.39.1,Ireland,Blanchardstown
2016-03-31 10:20:20,193.1.39.1,Ireland,Blanchardstown
2016-03-31 10:20:20,193.1.39.1,Ireland,Blanchardstown
2016-03-31 10:20:21,193.1.39.1,Ireland,Blanchardstown
2016-03-31 10:20:21,193.1.39.1,Ireland,Blanchardstown
2016-03-31 10:20:21,193.1.39.1,Ireland,Blanchardstown
2016-03-31 10:20:22,193.1.39.1,Ireland,Blanchardstown
2016-03-31 10:21:11,193.1.39.1,Ireland,Blanchardstown
2016-03-31 10:21:11,193.1.39.1,Ireland,Blanchardstown
2016-03-31 10:21:11,193.1.39.1,Ireland,Blanchardstown
2016-03-31 10:21:11,193.1.39.1,Ireland,Blanchardstown
2016-03-31 10:21:17,193.1.39.1,Ireland,Blanchardstown
2016-03-31 10:21:17,193.1.39.1,Ireland,Blanchardstown
2016-03-31 10:21:17,193.1.39.1,Ireland,Blanchardstown
2016-03-31 10:21:17,193.1.39.1,Ireland,Blanchardstown
2016-03-31 10:21:17,193.1.39.1,Ireland,Blanchardstown
2016-03-31 10:21:21,193.1.39.1,Ireland,Blanchardstown
2016-03-31 10:21:21,193.1.39.1,Ireland,Blanchardstown
2016-03-31 10:21:21,193.1.39.1,Ireland,Blanchardstown
2016-03-31 10:21:21,193.1.39.1,Ireland,Blanchardstown
2016-03-31 10:21:21,193.1.39.1,Ireland,Blanchardstown
2016-03-31 10:21:21,193.1.39.1,Ireland,Blanchardstown
2016-03-31 10:21:21,193.1.39.1,Ireland,Blanchardstown
2016-03-31 10:21:21,193.1.39.1,Ireland,Blanchardstown
2016-03-31 10:21:22,193.1.39.1,Ireland,Blanchardstown
2016-03-31 10:21:22,193.1.39.1,Ireland,Blanchardstown
2016-03-31 10:21:22,193.1.39.1,Ireland,Blanchardstown
2016-03-31 10:21:22,193.1.39.1,Ireland,Blanchardstown
2016-03-31 10:21:22,193.1.39.1,Ireland,Blanchardstown
2016-03-31 10:21:22,193.1.39.1,Ireland,Blanchardstown
2016-03-31 10:21:22,193.1.39.1,Ireland,Blanchardstown
2016-03-31 10:21:22,193.1.39.1,Ireland,Blanchardstown
2016-03-31 10:21:27,193.1.39.1,Ireland,Blanchardstown
2016-03-31 10:21:28,193.1.39.1,Ireland,Blanchardstown
2016-03-31 10:21:28,193.1.39.1,Ireland,Blanchardstown
2016-03-31 10:21:35,193.1.39.1,Ireland,Blanchardstown
2016-03-31 10:21:43,193.1.39.1,Ireland,Blanchardstown
2016-03-31 10:21:44,193.1.39.1,Ireland,Blanchardstown
2016-03-31 10:21:48,193.1.39.1,Ireland,Blanchardstown
2016-03-31 10:21:50,193.1.39.1,Ireland,Blanchardstown
2016-03-31 10:22:08,193.1.39.1,Ireland,Blanchardstown
2016-03-31 10:22:49,193.1.39.1,Ireland,Blanchardstown
2016-03-31 10:22:51,193.1.39.1,Ireland,Blanchardstown
2016-03-31 10:22:51,193.1.39.1,Ireland,Blanchardstown
2016-03-31 10:22:51,193.1.39.1,Ireland,Blanchardstown
2016-03-31 10:22:51,193.1.39.1,Ireland,Blanchardstown
2016-03-31 10:22:51,193.1.39.1,Ireland,Blanchardstown
2016-03-31 10:22:55,193.1.39.1,Ireland,Blanchardstown
2016-03-31 10:23:07,193.1.39.1,Ireland,Blanchardstown
2016-03-31 10:23:34,193.1.39.1,Ireland,Blanchardstown
2016-03-31 10:23:37,193.1.39.1,Ireland,Blanchardstown
2016-03-31 10:23:37,193.1.39.1,Ireland,Blanchardstown
2016-03-31 10:23:37,193.1.39.1,Ireland,Blanchardstown
2016-03-31 10:23:37,193.1.39.1,Ireland,Blanchardstown
2016-03-31 10:23:37,193.1.39.1,Ireland,Blanchardstown
2016-03-31 10:23:41,193.1.39.1,Ireland,Blanchardstown
2016-03-31 10:24:09,193.1.39.1,Ireland,Blanchardstown
2016-03-31 10:24:14,193.1.39.1,Ireland,Blanchardstown
2016-03-31 10:24:42,193.1.39.1,Ireland,Blanchardstown
2016-03-31 10:24:42,193.1.39.1,Ireland,Blanchardstown
2016-03-31 10:24:48,193.1.39.1,Ireland,Blanchardstown
2016-03-31 10:24:49,193.1.39.1,Ireland,Blanchardstown
2016-03-31 10:24:49,193.1.39.1,Ireland,Blanchardstown
2016-03-31 10:24:49,193.1.39.1,Ireland,Blanchardstown
2016-03-31 10:24:49,193.1.39.1,Ireland,Blanchardstown
2016-03-31 10:24:52,193.1.39.1,Ireland,Blanchardstown
2016-03-31 10:24:54,193.1.39.1,Ireland,Blanchardstown
2016-03-31 10:24:54,193.1.39.1,Ireland,Blanchardstown
2016-03-31 10:24:55,193.1.39.1,Ireland,Blanchardstown
2016-03-31 10:24:55,193.1.39.1,Ireland,Blanchardstown
2016-03-31 10:24:55,193.1.39.1,Ireland,Blanchardstown
2016-03-31 10:24:55,193.1.39.1,Ireland,Blanchardstown
2016-03-31 10:24:55,193.1.39.1,Ireland,Blanchardstown
2016-03-31 10:24:56,193.1.39.1,Ireland,Blanchardstown
2016-03-31 10:24:56,193.1.39.1,Ireland,Blanchardstown
2016-03-31 10:25:02,193.1.39.1,Ireland,Blanchardstown
2016-03-31 10:25:05,193.1.39.1,Ireland,Blanchardstown
2016-03-31 10:25:05,193.1.39.1,Ireland,Blanchardstown
2016-03-31 10:25:10,193.1.39.1,Ireland,Blanchardstown
2016-03-31 10:25:10,193.1.39.1,Ireland,Blanchardstown
2016-03-31 10:25:10,193.1.39.1,Ireland,Blanchardstown
2016-03-31 10:25:31,193.1.39.1,Ireland,Blanchardstown
2016-03-31 10:25:31,193.1.39.1,Ireland,Blanchardstown
2016-03-31 10:25:31,193.1.39.1,Ireland,Blanchardstown
2016-03-31 10:25:31,193.1.39.1,Ireland,Blanchardstown
2016-03-31 10:25:32,193.1.39.1,Ireland,Blanchardstown
2016-03-31 10:25:32,193.1.39.1,Ireland,Blanchardstown
2016-03-31 10:25:32,193.1.39.1,Ireland,Blanchardstown
2016-03-31 10:25:32,193.1.39.1,Ireland,Blanchardstown
2016-03-31 10:25:32,193.1.39.1,Ireland,Blanchardstown
2016-03-31 10:25:33,193.1.39.1,Ireland,Blanchardstown
2016-03-31 10:25:34,193.1.39.1,Ireland,Blanchardstown
2016-03-31 10:25:34,193.1.39.1,Ireland,Blanchardstown
2016-03-31 10:25:34,193.1.39.1,Ireland,Blanchardstown
2016-03-31 10:25:34,193.1.39.1,Ireland,Blanchardstown
2016-03-31 10:25:34,193.1.39.1,Ireland,Blanchardstown
2016-03-31 10:25:34,193.1.39.1,Ireland,Blanchardstown
2016-03-31 10:25:34,193.1.39.1,Ireland,Blanchardstown
2016-03-31 10:25:43,193.1.39.1,Ireland,Blanchardstown
2016-03-31 10:25:56,193.1.39.1,Ireland,Blanchardstown
2016-03-31 10:26:56,193.1.39.1,Ireland,Blanchardstown
2016-03-31 10:27:10,193.1.39.1,Ireland,Blanchardstown
2016-03-31 10:27:10,193.1.39.1,Ireland,Blanchardstown
2016-03-31 10:27:11,193.1.39.1,Ireland,Blanchardstown
2016-03-31 10:27:11,193.1.39.1,Ireland,Blanchardstown
2016-03-31 10:27:11,193.1.39.1,Ireland,Blanchardstown
2016-03-31 10:27:11,193.1.39.1,Ireland,Blanchardstown
2016-03-31 10:27:12,193.1.39.1,Ireland,Blanchardstown
2016-03-31 10:27:12,193.1.39.1,Ireland,Blanchardstown
2016-03-31 10:27:13,193.1.39.1,Ireland,Blanchardstown
2016-03-31 10:27:13,193.1.39.1,Ireland,Blanchardstown
2016-03-31 10:27:14,193.1.39.1,Ireland,Blanchardstown
2016-03-31 10:27:14,193.1.39.1,Ireland,Blanchardstown
2016-03-31 10:27:22,193.1.39.1,Ireland,Blanchardstown
2016-03-31 10:27:22,193.1.39.1,Ireland,Blanchardstown
2016-03-31 10:27:24,193.1.39.1,Ireland,Blanchardstown
2016-03-31 10:27:25,193.1.39.1,Ireland,Blanchardstown
2016-03-31 10:27:26,193.1.39.1,Ireland,Blanchardstown
2016-03-31 10:27:26,193.1.39.1,Ireland,Blanchardstown
2016-03-31 10:27:27,193.1.39.1,Ireland,Blanchardstown
2016-03-31 10:27:27,193.1.39.1,Ireland,Blanchardstown
2016-03-31 10:27:27,193.1.39.1,Ireland,Blanchardstown
2016-03-31 10:27:28,193.1.39.1,Ireland,Blanchardstown
2016-03-31 10:27:28,193.1.39.1,Ireland,Blanchardstown
2016-03-31 10:27:28,193.1.39.1,Ireland,Blanchardstown
2016-03-31 10:27:30,193.1.39.1,Ireland,Blanchardstown
2016-03-31 10:27:30,193.1.39.1,Ireland,Blanchardstown
2016-03-31 10:27:31,193.1.39.1,Ireland,Blanchardstown
2016-03-31 10:27:31,193.1.39.1,Ireland,Blanchardstown
2016-03-31 10:27:32,193.1.39.1,Ireland,Blanchardstown
2016-03-31 10:27:32,193.1.39.1,Ireland,Blanchardstown
2016-03-31 10:27:37,193.1.39.1,Ireland,Blanchardstown
2016-03-31 10:27:56,193.1.39.1,Ireland,Blanchardstown
2016-03-31 10:28:10,193.1.39.1,Ireland,Blanchardstown
2016-03-31 10:28:15,193.1.39.1,Ireland,Blanchardstown
2016-03-31 10:28:26,193.1.39.1,Ireland,Blanchardstown
2016-03-31 10:28:27,193.1.39.1,Ireland,Blanchardstown
2016-03-31 10:28:28,193.1.39.1,Ireland,Blanchardstown
2016-03-31 10:28:32,193.1.39.1,Ireland,Blanchardstown
2016-03-31 10:28:37,193.1.39.1,Ireland,Blanchardstown
2016-03-31 10:28:38,193.1.39.1,Ireland,Blanchardstown
2016-03-31 10:28:38,193.1.39.1,Ireland,Blanchardstown
2016-03-31 10:28:38,193.1.39.1,Ireland,Blanchardstown
2016-03-31 10:28:38,193.1.39.1,Ireland,Blanchardstown
2016-03-31 10:28:38,193.1.39.1,Ireland,Blanchardstown
2016-03-31 10:28:38,193.1.39.1,Ireland,Blanchardstown
2016-03-31 10:28:40,193.1.39.1,Ireland,Blanchardstown
2016-03-31 10:28:40,193.1.39.1,Ireland,Blanchardstown
2016-03-31 10:28:40,193.1.39.1,Ireland,Blanchardstown
2016-03-31 10:28:40,193.1.39.1,Ireland,Blanchardstown
2016-03-31 10:28:40,193.1.39.1,Ireland,Blanchardstown
2016-03-31 10:28:40,193.1.39.1,Ireland,Blanchardstown
2016-03-31 10:28:40,193.1.39.1,Ireland,Blanchardstown
2016-03-31 10:28:40,193.1.39.1,Ireland,Blanchardstown
2016-03-31 10:28:40,193.1.39.1,Ireland,Blanchardstown
2016-03-31 10:28:40,193.1.39.1,Ireland,Blanchardstown
2016-03-31 10:28:40,193.1.39.1,Ireland,Blanchardstown
2016-03-31 10:28:40,193.1.39.1,Ireland,Blanchardstown
2016-03-31 10:28:40,193.1.39.1,Ireland,Blanchardstown
2016-03-31 10:28:40,193.1.39.1,Ireland,Blanchardstown
2016-03-31 10:28:40,193.1.39.1,Ireland,Blanchardstown
2016-03-31 10:28:40,193.1.39.1,Ireland,Blanchardstown
2016-03-31 10:28:40,193.1.39.1,Ireland,Blanchardstown
2016-03-31 10:28:40,193.1.39.1,Ireland,Blanchardstown
2016-03-31 10:28:41,193.1.39.1,Ireland,Blanchardstown
2016-03-31 10:28:41,193.1.39.1,Ireland,Blanchardstown
2016-03-31 10:28:41,193.1.39.1,Ireland,Blanchardstown
2016-03-31 10:28:41,193.1.39.1,Ireland,Blanchardstown
2016-03-31 10:28:41,193.1.39.1,Ireland,Blanchardstown
2016-03-31 10:28:45,193.1.39.1,Ireland,Blanchardstown
2016-03-31 10:28:58,193.1.39.1,Ireland,Blanchardstown
2016-03-31 10:28:58,193.1.39.1,Ireland,Blanchardstown
2016-03-31 10:29:03,193.1.39.1,Ireland,Blanchardstown
2016-03-31 10:29:07,193.1.39.1,Ireland,Blanchardstown
2016-03-31 10:29:07,193.1.39.1,Ireland,Blanchardstown
2016-03-31 10:29:11,193.1.39.1,Ireland,Blanchardstown
2016-03-31 10:29:11,193.1.39.1,Ireland,Blanchardstown
2016-03-31 10:29:11,193.1.39.1,Ireland,Blanchardstown
2016-03-31 10:29:22,193.1.39.1,Ireland,Blanchardstown
2016-03-31 10:29:23,193.1.39.1,Ireland,Blanchardstown
2016-03-31 10:29:24,193.1.39.1,Ireland,Blanchardstown
2016-03-31 10:29:25,193.1.39.1,Ireland,Blanchardstown
2016-03-31 10:29:28,193.1.39.1,Ireland,Blanchardstown
2016-03-31 10:29:58,193.1.39.1,Ireland,Blanchardstown
2016-03-31 10:30:11,193.1.39.1,Ireland,Blanchardstown
2016-03-31 10:30:46,193.1.39.1,Ireland,Blanchardstown
2016-03-31 10:30:58,193.1.39.1,Ireland,Blanchardstown
2016-03-31 10:31:58,193.1.39.1,Ireland,Blanchardstown
2016-03-31 10:32:12,193.1.39.1,Ireland,Blanchardstown
2016-03-31 10:32:28,193.1.39.1,Ireland,Blanchardstown
2016-03-31 10:32:29,193.1.39.1,Ireland,Blanchardstown
2016-03-31 10:32:30,193.1.39.1,Ireland,Blanchardstown
2016-03-31 10:32:30,193.1.39.1,Ireland,Blanchardstown
2016-03-31 10:32:30,193.1.39.1,Ireland,Blanchardstown
2016-03-31 10:32:30,193.1.39.1,Ireland,Blanchardstown
2016-03-31 10:32:30,193.1.39.1,Ireland,Blanchardstown
2016-03-31 10:32:30,193.1.39.1,Ireland,Blanchardstown
2016-03-31 10:32:39,193.1.39.1,Ireland,Blanchardstown
2016-03-31 10:32:39,193.1.39.1,Ireland,Blanchardstown
2016-03-31 10:32:42,193.1.39.1,Ireland,Blanchardstown
2016-03-31 10:32:45,193.1.39.1,Ireland,Blanchardstown
2016-03-31 10:32:47,193.1.39.1,Ireland,Blanchardstown
2016-03-31 10:32:58,193.1.39.1,Ireland,Blanchardstown
